#gene1	gene2	strand1(gene/fusion)	strand2(gene/fusion)	breakpoint1	breakpoint2	site1	site2	type	direction1	direction2	split_reads1	split_reads2	discordant_mates	coverage1	coverage2	confidence	closest_genomic_breakpoint1	closest_genomic_breakpoint2	filters	fusion_transcript	reading_frame	peptide_sequence	read_identifiers
RIC1	RYR3	+/+	+/+	9:5656690	15:33473419	splice-site	splice-site	translocation	downstream	upstream	11	11	0	329	396	high	.	.	duplicates(42),mismappers(1)	TGGATCCTACAAGCAAGCTGAATGGAGGCCAGATAGTACCATGATAGCTGTATCA|GAGGATGAAGTGGTACTCCAGTGCATCGCCACCATTCATAAGGAGCAGAGGAAGTTCT	in-frame	GSYKQAEWRPDSTMIAVS|EDEVVLQCIATIHKEQRKF	NB551056:11:HGG7HBGX2:4:23507:13872:13189,NB551056:11:HGG7HBGX2:4:23506:7726:19064,NB551056:11:HGG7HBGX2:4:22401:3100:17138,NB551056:11:HGG7HBGX2:4:21605:9482:10168,NB551056:11:HGG7HBGX2:4:21503:14037:5484,NB551056:11:HGG7HBGX2:3:23611:21419:15006,NB551056:11:HGG7HBGX2:4:12412:15747:1391,NB551056:11:HGG7HBGX2:4:23504:24411:11360,NB551056:11:HGG7HBGX2:2:11310:18263:9149,NB551056:11:HGG7HBGX2:2:11206:9878:15843,NB551056:11:HGG7HBGX2:1:12203:15521:15241,NB551056:11:HGG7HBGX2:1:21311:18664:1440,NB551056:11:HGG7HBGX2:2:21210:22685:19416,NB551056:11:HGG7HBGX2:1:21302:22457:3482,NB551056:11:HGG7HBGX2:1:13207:4500:18606,NB551056:11:HGG7HBGX2:1:12207:18529:17368,NB551056:11:HGG7HBGX2:3:23612:7915:18750,NB551056:11:HGG7HBGX2:2:23210:14804:4401,NB551056:11:HGG7HBGX2:1:11104:7778:9245,NB551056:11:HGG7HBGX2:3:13512:22520:8879,NB551056:11:HGG7HBGX2:2:23210:1264:1552,NB551056:11:HGG7HBGX2:1:11205:8397:3648,NB551056:11:HGG7HBGX2:2:21206:5651:16581,NB551056:11:HGG7HBGX2:3:13406:7464:6272,NB551056:11:HGG7HBGX2:3:23610:12059:6569,NB551056:11:HGG7HBGX2:1:13304:5615:11874,NB551056:11:HGG7HBGX2:1:12210:12870:1717,NB551056:11:HGG7HBGX2:2:12204:21340:11135,NB551056:11:HGG7HBGX2:3:11602:18517:7569,NB551056:11:HGG7HBGX2:2:21107:13805:1606,NB551056:11:HGG7HBGX2:2:21210:18267:18248,NB551056:11:HGG7HBGX2:2:21306:11939:9247,NB551056:11:HGG7HBGX2:3:11601:18859:5107,NB551056:11:HGG7HBGX2:2:23111:6331:16695,NB551056:11:HGG7HBGX2:2:23211:26761:1528,NB551056:11:HGG7HBGX2:2:23308:5939:8677,NB551056:11:HGG7HBGX2:1:23112:4233:10509,NB551056:11:HGG7HBGX2:2:12208:5488:8788,NB551056:11:HGG7HBGX2:3:21410:7256:16648,NB551056:11:HGG7HBGX2:2:22312:23326:16528,NB551056:11:HGG7HBGX2:4:23611:17533:6038,NB551056:11:HGG7HBGX2:4:22405:10012:4321,NB551056:11:HGG7HBGX2:4:12411:22862:9431,NB551056:11:HGG7HBGX2:4:11610:17164:17113,NB551056:11:HGG7HBGX2:3:23602:14038:9339,NB551056:11:HGG7HBGX2:4:11501:7465:4165,NB551056:11:HGG7HBGX2:3:22505:25855:11970,NB551056:11:HGG7HBGX2:3:21508:15766:6239,NB551056:11:HGG7HBGX2:3:21503:22559:5211,NB551056:11:HGG7HBGX2:3:21502:3581:12446,NB551056:11:HGG7HBGX2:2:22209:4933:12380,NB551056:11:HGG7HBGX2:1:22209:2550:7810,NB551056:11:HGG7HBGX2:3:21402:12690:9649,NB551056:11:HGG7HBGX2:2:11105:21265:14649,NB551056:11:HGG7HBGX2:1:21212:23500:9411,NB551056:11:HGG7HBGX2:1:12206:24931:3251,NB551056:11:HGG7HBGX2:1:13107:16687:6674,NB551056:11:HGG7HBGX2:4:13412:2668:11699,NB551056:11:HGG7HBGX2:1:21211:5054:15729,NB551056:11:HGG7HBGX2:2:12310:17763:12981,NB551056:11:HGG7HBGX2:2:13311:17505:7094,NB551056:11:HGG7HBGX2:4:11601:16060:6552,NB551056:11:HGG7HBGX2:3:13505:1634:2068,NB551056:11:HGG7HBGX2:2:23309:21559:3554,NB551056:11:HGG7HBGX2:3:11610:9708:11797
RYR3	RIC1	+/+	+/+	15:33473538	9:5656583	splice-site	splice-site	translocation	downstream	upstream	3	0	0	349	431	medium	.	.	.	GGACTTGGGAATCGCCTGTGCTTCTTGGAACCCACTTCAGAAGCCAAG|CCTAGTGTGTTAATTGTAACCTACAAGGAGCCTGC	in-frame	GLGNRLCFLEPTSEAK|PSVLIVTYKEP	NB551056:11:HGG7HBGX2:3:23604:26417:1696,NB551056:11:HGG7HBGX2:3:22605:6686:17050,NB551056:11:HGG7HBGX2:2:13207:25419:8058
RIC1	RYR3	+/+	+/+	9:5720750	15:33473419	splice-site	splice-site	translocation	downstream	upstream	1	0	0	264	396	low	.	.	.	TGGATTTATTACACCAGTGTCAAGTAGATTTACTGCAGAG|GAGGATGAAGTGGTACTCCAGTGCATCGCCACCAT	in-frame	GFITPVSSRFTAE|EDEVVLQCIAT	NB551056:11:HGG7HBGX2:3:12507:18528:16670
PLOD3	FIS1(4418),RNU6-1104P(13204)	-/-	./-	7:101208853	7:101256734	splice-site	intergenic	duplication	upstream	downstream	2	3	0	71	8	high	.	.	duplicates(2)	TGGTGGCAGAGATGGAGCACTACGGCCAGTGGTCAGGCGGCCGGCATGAG|GGCCTCTCTCTCTGCTGTGAATTCCTGGTGCCTAAGAAGCCTGGAGGCCTGCCT	out-of-frame	VAEMEHYGQWSGGRHE|glslcceflvpkkpggl	NB551056:11:HGG7HBGX2:3:21402:22879:4608,NB551056:11:HGG7HBGX2:1:23304:7849:17559,NB551056:11:HGG7HBGX2:1:21210:8006:10098,NB551056:11:HGG7HBGX2:1:22105:6352:5708,NB551056:11:HGG7HBGX2:4:22601:2200:5422,NB551056:11:HGG7HBGX2:3:22407:26527:7364,NB551056:11:HGG7HBGX2:1:11311:19294:15000
RYR3	AL162253.2	+/+	-/-	15:33473538	9:5459187	splice-site	splice-site	translocation	downstream	downstream	3	1	0	349	25	high	.	.	duplicates(3)	CGAGGGACTTGGGAATCGCCTGTGCTTCTTGGAACCCACTTCAGAAGCCAAG|GAAGAACTCCCCCTTGGAAAAACCATCAGTGCCGGAAGATTTCCTATTGTGTTG	out-of-frame	EGLGNRLCFLEPTSEAK|eelplgktisagrfpiv	NB551056:11:HGG7HBGX2:1:22307:12078:17074,NB551056:11:HGG7HBGX2:1:13108:23101:1187,NB551056:11:HGG7HBGX2:2:21208:14937:5894,NB551056:11:HGG7HBGX2:3:21406:17108:16871,NB551056:11:HGG7HBGX2:2:12305:19115:16206,NB551056:11:HGG7HBGX2:3:12409:1963:18123,NB551056:11:HGG7HBGX2:2:22107:24512:3778
RYR3	AL162253.2	+/+	-/-	15:33473538	9:5514766	splice-site	intron	translocation	downstream	downstream	1	2	0	349	5	high	.	.	duplicates(1),mismappers(1)	CAGCCGAGGGACTTGGGAATCGCCTGTGCTTCTTGGAACCCACTTCAGAAGCCAAG|AGACTAGGTCTCACTCATTGCCTAGCCTGGAGTGTAGTGGCTATT	out-of-frame	AEGLGNRLCFLEPTSEAK|rlglthclawsvva	NB551056:11:HGG7HBGX2:4:23612:11041:1182,NB551056:11:HGG7HBGX2:2:12202:15465:16694,NB551056:11:HGG7HBGX2:3:21402:15489:7973,NB551056:11:HGG7HBGX2:4:12602:3578:2776,NB551056:11:HGG7HBGX2:2:12210:21099:2840
RYR3	PDCD1LG2	+/+	+/-	15:33473538	9:5514766	splice-site	intron	translocation/5'-5'	downstream	downstream	1	2	0	349	5	high	.	.	duplicates(1),mismappers(1)	CAGCCGAGGGACTTGGGAATCGCCTGTGCTTCTTGGAACCCACTTCAGAAGCCAAG|AGACTAGGTCTCACTCATTGCCTAGCCTGGAGTGTAGTGGCTATT	out-of-frame	AEGLGNRLCFLEPTSEAK|rlglthclawsvva	NB551056:11:HGG7HBGX2:4:23612:11041:1182,NB551056:11:HGG7HBGX2:2:12202:15465:16694,NB551056:11:HGG7HBGX2:3:21402:15489:7973,NB551056:11:HGG7HBGX2:4:12602:3578:2776,NB551056:11:HGG7HBGX2:2:12210:21099:2840
SCAF4	KCNJ6	-/-	-/-	21:31685049	21:37840709	CDS	5'UTR	duplication	upstream	downstream	3	2	0	27	19	medium	.	.	duplicates(1)	CGAATCTGCCCACCCCTCCTGTAACCCAGCCTGTTTCACTTCTTG|GAAAAGCACAAAGAAGAAACTGCAACAATGGCCAAGCTGACAGAATCCATG	out-of-frame	NLPTPPVTQPVSLL|gkaqrrncnngqadrih	NB551056:11:HGG7HBGX2:4:11411:24912:1333,NB551056:11:HGG7HBGX2:1:22104:5318:17100,NB551056:11:HGG7HBGX2:2:22202:21573:14568,NB551056:11:HGG7HBGX2:4:12501:1323:7551,NB551056:11:HGG7HBGX2:3:23511:5913:1169,NB551056:11:HGG7HBGX2:1:11312:3360:17229
CERK	CELSR1	-/+	-/+	22:46721015	22:46533627	CDS	CDS	duplication	downstream	upstream	3	2	0	97	93	medium	.	.	.	GTTTCCTCAACGGCGATGATCTCAGATACAGGCACAGAGCAGGCAT|CAGACACAGACACCTCCATGAGCGCCTCCAGCGGCCGGTTGTT	.	.	NB551056:11:HGG7HBGX2:3:21407:23055:6555,NB551056:11:HGG7HBGX2:4:22503:21912:6230,NB551056:11:HGG7HBGX2:4:21402:25472:5295,NB551056:11:HGG7HBGX2:1:11108:16071:17927,NB551056:11:HGG7HBGX2:1:13309:24852:7823
ACVR1B	OR7E47P(7766),LINC00592(48088)	+/-	./+	12:51975265	12:52116027	CDS	intergenic	inversion	upstream	upstream	3	1	0	47	46	medium	.	.	duplicates(2)	CTCACACGTGTAGTTGGCCTGGAGGCAGCTGGTGCACGCACACAGCAGAG|CTTTCCGGAACTCTGAGGCTGGTACGCGGCATGCCGTTTCCA	.	.	NB551056:11:HGG7HBGX2:4:11607:6133:11301,NB551056:11:HGG7HBGX2:2:13312:15335:16936,NB551056:11:HGG7HBGX2:2:11107:1535:12823,NB551056:11:HGG7HBGX2:2:13303:16302:13198,NB551056:11:HGG7HBGX2:1:23210:13720:17672,NB551056:11:HGG7HBGX2:4:13403:18447:16445
CNP	KRT14(14731),KRT16(8152)	+/+	./+	17:41973857	17:41601626	CDS	intergenic	duplication	downstream	upstream	2	1	0	140	5	medium	.	.	.	ATGCTGACCCTGGCCAAGAACATGGAGGTCAGGGCCATCTTCACGGGGTACTACGGGAA|GGTCTGGTGACAGAACAATGGATGAGTGTTTTCATTTTCTATATTTCCTTTTGTTTCG	out-of-frame	MLTLAKNMEVRAIFTGYYGk|vw*	NB551056:11:HGG7HBGX2:4:12409:15921:9272,NB551056:11:HGG7HBGX2:2:11107:20549:17918,NB551056:11:HGG7HBGX2:1:21209:23136:3010
TRAF3	AC062032.1(169768),AC018678.1(82721)	+/+	./+	14:102886269	2:147067986	splice-site	intergenic	translocation	downstream	upstream	2	0	0	91	13	medium	.	.	.	CGTGGTGGTGTCCTGCCCTCACAAGTGCAGCGTCCAGACTCTCCTGAGGAGCGAG|GTTATTTTTGCAAACCAAAGACAC	out-of-frame	VVVSCPHKCSVQTLLRSE|vifanqr	NB551056:11:HGG7HBGX2:4:12603:10928:4177,NB551056:11:HGG7HBGX2:2:13301:21693:9378
CBFB	TRADD	+/+	-/+	16:67082308	16:67154299	splice-site	3'UTR	deletion/read-through/5'-5'	downstream	upstream	1	1	0	130	43	low	.	.	duplicates(1)	CACGCGAATTTGAAGATAGAGACAGGTCTCATCGGGAGGAAATGGAG|TATCTGCAGCACCCAGGATGAAGTCCAGGACACCAAAGATCAAG	out-of-frame	REFEDRDRSHREEME|ylqhpg*	NB551056:11:HGG7HBGX2:1:12104:22701:10078,NB551056:11:HGG7HBGX2:3:11506:12588:18780,NB551056:11:HGG7HBGX2:3:11409:10460:1188
NCK1	STAG1	+/+	-/-	3:136946295	3:136477412	splice-site	splice-site	inversion	downstream	downstream	1	0	0	309	225	low	.	.	.	AAATGAAAGAGGACATGAAGGGGATTTCCTCATTCGTGATAGTGAATCTTCG|TGATGCTATTGCTGAGATTAGAG	out-of-frame	NERGHEGDFLIRDSESS|*	NB551056:11:HGG7HBGX2:2:22205:13042:17273
NCK1	STAG1	+/+	-/-	3:136928227	3:136630981	splice-site	splice-site	inversion	downstream	downstream	1	0	0	115	67	low	.	.	.	CTCGGAAAGCATCTATTGTGAAAAACCTAAAGGATACCTTAG|GATTGCCTTTGAGGTTATTTTAAAAGTTTTGAG	out-of-frame	RKASIVKNLKDTL|glplrlf*	NB551056:11:HGG7HBGX2:3:12511:20154:19154
STAG1	NCK1	-/-	+/+	3:136752195	3:136927984	splice-site	splice-site	inversion	upstream	upstream	1	0	0	73	74	low	.	.	.	ACTAGGTCGATGGTCGGCGGCGCCCGGATGGGCAGCTGAG|TGCTGAAGCTGCTGAAAGATGGCAGAAGAAGTGGT	.	.	NB551056:11:HGG7HBGX2:1:12102:21730:14014
AC021851.1	NUP35	+/+	+/+	2:183182680	2:183157444	splice-site	splice-site	duplication	downstream	upstream	1	0	0	9	63	low	.	.	duplicates(1)	GAGCTCAAGTGATCCTCCTGCCTCAGCGTTTCAAGCACCTGGGACCACAG|GTTTCCTCAAGCATCTGCTTCCTAC	.	.	NB551056:11:HGG7HBGX2:3:23601:21825:16053,NB551056:11:HGG7HBGX2:2:23204:16178:17054
CYSTM1	AC011379.2	+/+	+/+	5:140194652	5:140164650	splice-site	splice-site	duplication	downstream	upstream	1	0	0	137	0	low	.	.	.	ACCAAGGATACCCACAGTACGGCTGGCAGGGTGGACCTCAGGAGCCTCCTAAAACCACAG|GACAAAAGCCCTCAC	out-of-frame	QGYPQYGWQGGPQEPPKTT|gqkps	NB551056:11:HGG7HBGX2:2:22205:19577:11996
CYSTM1	AC011379.2	+/+	+/+	5:140194652	5:140167365	splice-site	splice-site	duplication	downstream	upstream	1	0	0	137	7	low	.	.	.	CACAGTACGGCTGGCAGGGTGGACCTCAGGAGCCTCCTAAAACCACAG|GCTACGACACAAAGAGGAGCTGCTAAC	out-of-frame	QYGWQGGPQEPPKTT|gydtkrsc*	NB551056:11:HGG7HBGX2:4:23612:9763:9474
